data;hora;ip
2022-01-19;22:03;187.114.214.89
2022-01-19;22:04;187.114.214.89
2022-01-19;22:04;187.114.214.89
2022-01-19;22:27;192.141.108.70
2022-01-19;22:28;192.141.108.70
2022-01-19;22:28;192.141.108.70
2022-01-19;22:28;192.141.108.70
2022-01-19;22:28;192.141.108.70
2022-01-19;22:31;187.114.214.89
2022-01-19;22:56;187.114.214.89
2022-01-19;23:20;177.56.182.32
2022-01-19;23:20;177.56.182.32
2022-01-19;00:15;187.114.214.89
2022-01-19;00:15;187.114.214.89
2022-01-20;13:50;170.244.96.97
2022-01-20;13:51;187.114.214.89
2022-01-20;13:51;187.114.214.89
2022-01-20;13:57;187.114.214.89
2022-01-20;13:57;187.114.214.89
2022-01-20;16:22;200.219.62.54
2022-01-20;16:59;45.173.101.161
2022-01-20;16:59;45.173.101.161
2022-01-20;18:07;187.114.214.89
2022-01-20;18:07;187.114.214.89
2022-01-20;18:07;187.114.214.89
2022-01-20;18:08;187.114.214.89
2022-01-20;18:09;187.114.214.89
2022-01-20;18:39;187.114.214.89
2022-01-20;18:39;187.114.214.89
2022-01-20;18:39;187.114.214.89
2022-01-20;18:39;187.114.214.89
2022-01-20;18:39;187.114.214.89
2022-01-20;18:39;187.114.214.89
2022-01-20;18:42;187.114.214.89
2022-01-20;18:42;187.114.214.89
2022-01-20;18:42;187.114.214.89
2022-01-20;18:59;187.114.214.89
2022-01-20;19:26;187.114.214.89
2022-01-20;19:29;187.114.214.89
2022-01-20;19:29;187.114.214.89
2022-01-20;19:30;187.114.214.89
2022-01-20;19:30;187.114.214.89
2022-01-20;19:30;187.114.214.89
2022-01-20;19:30;187.114.214.89
2022-01-20;21:54;187.114.214.89
2022-01-20;21:54;187.114.214.89
2022-01-20;21:54;187.114.214.89
2022-01-20;22:12;187.114.214.89
2022-01-20;22:12;187.114.214.89
2022-01-20;22:13;187.114.214.89
2022-01-20;22:13;187.114.214.89
2022-01-20;22:13;187.114.214.89
2022-01-20;23:30;187.114.214.89
2022-01-20;23:31;187.114.214.89
2022-01-20;23:31;187.114.214.89
2022-01-20;23:31;187.114.214.89
2022-01-21;21:15;187.114.214.89
2022-01-21;22:13;187.114.214.89
2022-01-21;22:13;187.114.214.89
2022-01-21;22:42;179.108.249.80
2022-01-21;22:42;45.173.101.161
2022-01-21;22:42;179.108.249.80
2022-01-21;22:43;45.173.101.161
2022-01-21;22:43;192.141.108.70
2022-01-21;22:43;45.173.101.161
2022-01-21;22:43;187.114.214.89
2022-01-21;22:43;192.141.108.70
2022-01-21;22:43;179.108.249.80
2022-01-21;22:44;192.141.108.70
2022-01-21;22:44;187.114.214.89
2022-01-21;22:44;179.108.249.80
2022-01-21;22:55;187.114.214.89
2022-01-21;22:55;187.114.214.89
2022-01-21;23:04;187.114.214.89
2022-01-21;23:04;187.114.214.89
2022-01-21;23:05;187.114.214.89
2022-01-22;10:19;187.114.214.89
2022-01-22;10:20;187.114.214.89
2022-01-22;14:33;187.114.214.89
2022-01-22;14:33;187.114.214.89
2022-01-22;14:33;187.114.214.89
2022-01-22;14:34;187.114.214.89
2022-01-22;14:34;187.114.214.89
2022-01-22;14:37;187.114.214.89
2022-01-22;14:38;187.114.214.89
2022-01-22;14:38;187.114.214.89
2022-01-22;14:38;187.114.214.89
2022-01-22;14:38;187.114.214.89
2022-01-22;14:38;187.114.214.89
2022-01-22;14:38;187.114.214.89
2022-01-22;14:39;187.114.214.89
2022-01-22;14:39;187.114.214.89
2022-01-22;14:39;187.114.214.89
2022-01-22;14:39;187.114.214.89
2022-01-22;14:40;187.114.214.89
2022-01-22;14:41;187.114.214.89
2022-01-22;14:41;187.114.214.89
2022-01-22;14:41;187.114.214.89
2022-01-22;14:41;187.114.214.89
2022-01-22;14:41;187.114.214.89
2022-01-22;14:49;187.114.214.89
2022-01-22;14:49;187.114.214.89
2022-01-22;14:49;187.114.214.89
2022-01-22;14:49;187.114.214.89
2022-01-22;14:49;187.114.214.89
2022-01-22;14:50;187.114.214.89
2022-01-22;14:50;187.114.214.89
2022-01-22;14:53;187.114.214.89
2022-01-22;14:53;187.114.214.89
2022-01-22;14:53;187.114.214.89
2022-01-22;14:54;187.114.214.89
2022-01-22;15:55;187.114.214.89
2022-01-22;15:58;187.114.214.89
2022-01-22;15:59;187.114.214.89
2022-01-22;16:05;187.114.214.89
2022-01-22;16:07;187.114.214.89
2022-01-22;16:09;187.114.214.89
2022-01-22;16:11;187.114.214.89
2022-01-22;16:11;187.114.214.89
2022-01-22;16:12;187.114.214.89
2022-01-22;16:26;187.114.214.89
2022-01-22;16:26;187.114.214.89
2022-01-22;16:28;187.114.214.89
2022-01-22;16:29;187.114.214.89
2022-01-22;16:32;187.114.214.89
2022-01-22;16:32;187.114.214.89
2022-01-22;16:32;187.114.214.89
2022-01-22;16:32;187.114.214.89
2022-01-22;16:32;187.114.214.89
2022-01-22;16:32;187.114.214.89
2022-01-22;16:33;187.114.214.89
2022-01-22;16:39;187.114.214.89
2022-01-22;16:39;187.114.214.89
2022-01-22;16:40;187.114.214.89
2022-01-22;16:40;187.114.214.89
2022-01-22;16:43;187.114.214.89
2022-01-22;16:43;187.114.214.89
2022-01-22;16:43;187.114.214.89
2022-01-22;16:43;187.114.214.89
2022-01-22;16:43;187.114.214.89
2022-01-22;16:43;187.114.214.89
2022-01-22;16:44;187.114.214.89
2022-01-22;16:44;187.114.214.89
2022-01-22;16:44;187.114.214.89
2022-01-22;16:44;187.114.214.89
2022-01-22;16:44;187.114.214.89
2022-01-22;16:44;187.114.214.89
2022-01-22;16:47;187.114.214.89
2022-01-22;16:47;187.114.214.89
2022-01-22;16:48;187.114.214.89
2022-01-22;16:48;187.114.214.89
2022-01-22;16:49;187.114.214.89
2022-01-22;16:49;187.114.214.89
2022-01-22;16:49;187.114.214.89
2022-01-22;16:49;187.114.214.89
2022-01-22;16:49;187.114.214.89
2022-01-22;16:49;187.114.214.89
2022-01-22;16:50;187.114.214.89
2022-01-22;16:50;187.114.214.89
2022-01-22;16:50;187.114.214.89
2022-01-22;16:50;187.114.214.89
2022-01-22;16:50;187.114.214.89
2022-01-22;16:51;187.114.214.89
2022-01-22;16:57;187.114.214.89
2022-01-22;17:01;187.114.214.89
2022-01-22;17:01;187.114.214.89
2022-01-22;17:01;187.114.214.89
2022-01-22;17:01;187.114.214.89
2022-01-22;17:02;187.114.214.89
2022-01-22;17:04;187.114.214.89
2022-01-22;17:05;187.114.214.89
2022-01-22;17:06;187.114.214.89
2022-01-22;17:06;187.114.214.89
2022-01-22;17:06;187.114.214.89
2022-01-22;17:06;187.114.214.89
2022-01-22;17:06;187.114.214.89
2022-01-22;17:07;187.114.214.89
2022-01-22;17:39;187.114.214.89
2022-01-22;17:39;187.114.214.89
2022-01-22;17:39;187.114.214.89
2022-01-22;17:39;187.114.214.89
2022-01-22;17:40;187.114.214.89
2022-01-22;17:40;187.114.214.89
2022-01-22;17:40;187.114.214.89
2022-01-22;17:43;187.114.214.89
2022-01-22;17:49;187.114.214.89
2022-01-22;17:49;187.114.214.89
2022-01-22;17:49;187.114.214.89
2022-01-22;17:51;187.114.214.89
2022-01-22;17:51;187.114.214.89
2022-01-22;17:51;187.114.214.89
2022-01-22;17:51;187.114.214.89
2022-01-22;17:51;187.114.214.89
2022-01-22;17:51;187.114.214.89
2022-01-22;17:52;187.114.214.89
2022-01-22;17:52;187.114.214.89
2022-01-22;17:52;187.114.214.89
2022-01-22;17:52;187.114.214.89
2022-01-22;17:52;187.114.214.89
2022-01-22;17:52;187.114.214.89
2022-01-22;17:53;187.114.214.89
2022-01-22;17:53;187.114.214.89
2022-01-22;17:53;187.114.214.89
2022-01-22;17:54;187.114.214.89
2022-01-22;17:54;187.114.214.89
2022-01-22;17:54;187.114.214.89
2022-01-22;18:18;187.114.214.89
2022-01-22;18:18;187.114.214.89
2022-01-22;18:18;187.114.214.89
2022-01-22;18:18;187.114.214.89
2022-01-22;18:18;187.114.214.89
2022-01-22;18:30;187.114.214.89
2022-01-22;18:30;187.114.214.89
2022-01-22;18:30;187.114.214.89
2022-01-22;18:47;187.114.214.89
2022-01-22;18:48;187.114.214.89
2022-01-22;18:49;187.114.214.89
2022-01-22;18:50;187.114.214.89
2022-01-22;18:50;187.114.214.89
2022-01-22;18:50;187.114.214.89
2022-01-22;21:08;187.114.214.89
2022-01-22;21:34;187.114.214.89
2022-01-22;21:34;187.114.214.89
2022-01-22;21:34;187.114.214.89
2022-01-22;21:35;187.114.214.89
2022-01-22;21:35;187.114.214.89
2022-01-22;21:35;187.114.214.89
2022-01-22;21:35;187.114.214.89
2022-01-22;22:46;187.114.214.89
2022-01-22;22:46;187.114.214.89
2022-01-23;13:19;187.114.214.89
2022-01-23;13:33;187.114.214.89
2022-01-23;13:33;187.114.214.89
2022-01-23;13:45;152.235.10.165
2022-01-23;13:52;187.26.98.116
2022-01-23;15:22;179.54.214.217
2022-01-23;15:23;179.54.214.217
2022-01-23;15:58;187.114.214.89
2022-01-23;16:14;187.114.214.89
2022-01-23;22:53;170.244.96.97
2022-01-23;22:54;170.244.96.97
2022-01-24;20:22;45.232.191.119
2022-01-24;20:22;45.232.191.119
2022-01-24;20:22;45.232.191.119
2022-01-24;20:22;45.232.191.119
2022-01-24;20:23;45.232.191.119
2022-01-24;20:23;45.232.191.119
2022-01-24;20:23;45.232.191.119
2022-01-24;23:23;179.108.249.80
2022-01-24;23:26;45.224.25.148
2022-01-24;23:27;45.224.25.148
2022-01-24;23:28;45.224.25.148
2022-01-24;23:29;45.224.25.148
2022-01-26;23:37;168.196.42.107
2022-01-26;23:38;168.196.42.107
2022-01-26;23:38;168.196.42.107
2022-01-26;23:39;168.196.42.107
2022-01-27;13:40;179.179.110.172
2022-01-27;15:42;168.196.84.211
2022-01-27;01:36;179.179.110.172
2022-01-27;01:36;179.179.110.172
2022-01-27;01:36;168.196.84.211
2022-01-27;01:54;179.179.110.172
2022-01-27;01:55;179.179.110.172
2022-01-27;01:55;179.179.110.172
2022-01-28;23:56;186.251.93.133
2022-02-08;16:41;177.159.209.16
2022-02-08;16:41;177.159.209.16
2022-02-15;10:48;177.135.27.201
2022-02-15;10:48;177.135.27.201
2022-02-15;10:49;177.135.27.201
2022-02-16;11:24;177.135.27.201
2022-02-16;11:25;170.78.96.180
2022-02-16;11:25;201.46.83.218
2022-02-16;11:26;177.100.70.44
2022-02-16;11:28;152.235.160.239
2022-02-16;11:31;177.135.27.201
2022-02-16;11:31;177.135.27.201
2022-05-29;22:30;177.133.109.248
2022-05-29;22:31;177.133.109.248
2022-05-29;22:31;177.133.109.248
2022-05-29;22:31;177.133.109.248
2022-05-30;22:05;179.186.131.86
2022-05-30;22:05;179.186.131.86
2022-05-30;22:05;179.186.131.86
2022-05-30;22:05;179.186.131.86
2022-05-30;22:06;179.186.131.86
2022-05-30;22:06;179.186.131.86
2022-05-30;22:06;179.186.131.86
2022-05-30;22:06;179.186.131.86
2022-05-30;22:07;131.108.86.160
2022-05-30;22:07;152.235.158.54
2022-05-30;22:07;131.108.86.160
2022-05-30;22:08;131.108.86.160
2022-05-30;22:08;152.238.7.49
2022-05-30;22:09;170.84.84.149
2022-05-30;23:27;177.71.82.94
2022-06-12;23:57;177.134.157.158
2022-06-14;10:45;179.189.246.62
2022-06-14;10:45;179.189.246.62
2022-06-14;10:45;179.189.246.62
2022-06-14;10:45;179.189.246.62
2022-06-14;10:45;179.189.246.62
2022-06-14;10:45;179.189.246.62
2022-06-14;11:06;179.189.246.62
2022-06-14;11:06;179.124.140.113
2022-06-14;11:06;179.189.246.62
2022-06-14;11:07;179.189.246.62
2022-06-14;11:07;179.189.246.62
2022-06-14;11:07;179.189.246.62
2022-06-14;11:07;179.189.246.62
2022-06-14;11:07;179.189.246.62
2022-06-14;11:07;179.189.246.62
2022-06-14;11:07;179.189.246.62
2022-06-14;11:07;179.189.246.62
2022-06-14;11:07;179.189.246.62
2022-06-14;11:07;179.189.246.62
2022-06-14;11:07;179.189.246.62
2022-06-14;11:07;179.189.246.62
2022-06-14;11:07;179.189.246.62
2022-06-14;11:08;179.189.246.62
2022-06-14;11:08;179.189.246.62
2022-06-14;11:08;179.189.246.62
2022-06-14;11:08;179.189.246.62
2022-06-14;11:08;179.189.246.62
2022-06-14;11:08;179.189.246.62
2022-06-14;11:08;179.189.246.62
2022-06-14;11:09;179.124.140.113
2022-06-14;11:09;179.189.246.62
2022-06-14;11:10;179.189.246.62
2022-06-14;11:10;179.189.246.62
2022-06-14;11:11;179.189.246.62
2022-06-14;11:11;179.189.246.62
2022-06-14;11:11;179.189.246.62
2022-06-14;23:04;179.124.140.113
2022-06-14;23:04;179.181.104.114
2022-06-14;23:04;45.235.2.55
2022-06-14;23:04;189.70.101.152
2022-06-14;23:04;179.180.146.179
2022-06-14;23:04;189.48.165.87
2022-06-14;23:04;179.180.155.214
2022-06-14;23:04;179.124.140.113
2022-06-14;23:05;189.70.101.152
2022-06-14;23:05;189.70.101.152
2022-06-14;23:06;179.124.140.113
2022-06-14;23:06;179.181.104.114
2022-06-14;23:06;179.124.140.113
2022-06-14;23:06;189.70.101.152
2022-06-14;23:07;179.189.246.62
2022-06-14;23:08;179.181.104.114
2022-06-14;23:19;179.181.104.114
2022-06-14;23:19;179.181.104.114
2022-06-15;22:17;179.124.140.113
2022-06-16;19:48;61.164.47.194
2022-06-25;04:23;177.207.74.123
2022-06-27;21:36;190.89.148.141
2022-06-27;21:41;179.189.246.62
2022-06-27;21:42;179.189.246.62
2022-06-28;00:06;191.187.142.32
2022-06-29;11:50;200.238.66.226
2022-06-29;12:25;200.238.66.226
2022-06-29;12:25;200.238.66.226
2022-10-11;18:24;179.179.105.51
2022-10-11;18:24;179.179.105.51
2022-10-17;22:39;186.212.241.70
2022-10-17;22:39;186.212.241.70
2022-10-17;22:40;186.212.241.70
2022-10-17;22:40;186.212.241.70
2022-10-17;22:40;186.212.241.70
2022-10-17;22:40;186.212.241.70
2022-10-17;22:40;186.212.241.70
2022-10-17;23:03;186.212.241.70
2022-10-17;23:03;186.212.241.70
2022-10-17;23:12;186.212.241.70
2022-10-17;23:12;186.212.241.70
2022-10-17;23:12;186.212.241.70
2022-10-17;23:12;186.212.241.70
2022-10-17;23:12;186.212.241.70
2022-10-17;23:13;186.212.241.70
2022-10-17;23:15;186.212.241.70
2022-10-17;23:15;186.212.241.70
2022-10-17;23:16;186.212.241.70
2022-10-17;23:16;186.212.241.70
2022-10-17;23:16;186.212.241.70
2022-10-17;23:16;186.212.241.70
2022-10-17;23:16;186.212.241.70
2022-10-17;23:18;186.212.241.70
2022-10-17;23:18;186.212.241.70
2022-10-17;20:29;186.212.241.70
